<?xml version="1.0" encoding="UTF-8"?>
<project-private xmlns="http://www.netbeans.org/ns/project-private/1">
    <editor-bookmarks xmlns="http://www.netbeans.org/ns/editor-bookmarks/2" lastBookmarkId="0"/>
    <open-files xmlns="http://www.netbeans.org/ns/projectui-open-files/2">
        <group>
            <file>file:/Users/daviddiaz/Documents/GitHub/CSICProject/CSIC/src/Main/CSIC.java</file>
            <file>file:/Users/daviddiaz/Documents/GitHub/CSICProject/CSIC/src/View/SCFTable.java</file>
            <file>file:/Users/daviddiaz/Documents/GitHub/CSICProject/CSIC/src/Model/Model.java</file>
            <file>file:/Users/daviddiaz/Documents/GitHub/CSICProject/CSIC/src/View/AddTablesEvent.java</file>
            <file>file:/Users/daviddiaz/Documents/GitHub/CSICProject/CSIC/src/View/FrameDifferentiator.java</file>
            <file>file:/Users/daviddiaz/Documents/GitHub/CSICProject/CSIC/src/View/PredefineValues.java</file>
            <file>file:/Users/daviddiaz/Documents/GitHub/CSICProject/CSIC/src/View/AverageTable.java</file>
            <file>file:/Users/daviddiaz/Documents/GitHub/CSICProject/CSIC/src/View/DecorateFrame.java</file>
            <file>file:/Users/daviddiaz/Documents/GitHub/CSICProject/CSIC/src/Controller/Controller.java</file>
            <file>file:/Users/daviddiaz/Documents/GitHub/CSICProject/CSIC/src/Model/ModelInt.java</file>
            <file>file:/Users/daviddiaz/Documents/GitHub/CSICProject/CSIC/src/Controller/ControllerInt.java</file>
            <file>file:/Users/daviddiaz/Documents/GitHub/CSICProject/CSIC/src/View/SplashScreenInit.java</file>
            <file>file:/Users/daviddiaz/Documents/GitHub/CSICProject/CSIC/src/Model/Atomo/FileData.java</file>
            <file>file:/Users/daviddiaz/Documents/GitHub/CSICProject/CSIC/src/View/TableElement.java</file>
            <file>file:/Users/daviddiaz/Documents/GitHub/CSICProject/CSIC/src/Model/Atomo/Calculation.java</file>
            <file>file:/Users/daviddiaz/Documents/GitHub/CSICProject/CSIC/src/View/CSV.java</file>
            <file>file:/Users/daviddiaz/Documents/GitHub/CSICProject/CSIC/src/View/ChooseFilesFrame.java</file>
            <file>file:/Users/daviddiaz/Documents/GitHub/CSICProject/CSIC/src/View/ElementsDragAndDrop.java</file>
            <file>file:/Users/daviddiaz/Documents/GitHub/CSICProject/CSIC/src/View/ListTransferHandler.java</file>
            <file>file:/Users/daviddiaz/Documents/GitHub/CSICProject/CSIC/src/Model/Atomo/AverageValue.java</file>
            <file>file:/Users/daviddiaz/Documents/GitHub/CSICProject/CSIC/src/View/Order.java</file>
            <file>file:/Users/daviddiaz/Documents/GitHub/CSICProject/CSIC/src/View/TableDifferentiator.java</file>
        </group>
    </open-files>
</project-private>
